symbol,name,sector,account_type,buy_date,quantity,average_cost_yen,acquisition_cost_yen,quote_date,quote_time_jst,latest_price_yen,market_value_yen,unrealized_pnl_yen,unrealized_pnl_pct,portfolio_weight_pct,day_change_yen,position_day_change_yen,day_change_pct,quote_status,quote_fetched_at_jst,quote_last_success_at_jst,purchase_gate_reference,management_state,management_reason,annual_volatility_pct,profit_watch_pct,profit_watch_price_yen,half_sell_loss_pct,half_sell_price_yen,full_sell_loss_pct,full_sell_price_yen,drawdown_from_peak_pct,twenty_day_excess_pct,twenty_day_condition_ready,monitor_action,next_check,quote_source
1801.T,大成建設,建設,NISA成長投資枠,2026-07-14,3,13520,40560,2026-09-29,13:05:02,11985,35955,-4605,-11.353550295857987,2.003117743712241,-220,-660,-1.80254,OK,2026-09-29 13:20:03,2026-09-29 13:20:03,STOP,監視（下落確認）,取得後損失が8%以上のため、50%売却条件への接近と対TOPIX差を確認します。,59.882443933047455,35,18252,30,9464,35,8788,15.270413573700958,,NO,20営業日確認期限到来・対TOPIX再計算待ち,本日以降,Yahoo Finance JP full-market screener (delayed)
1812.T,鹿島,建設,NISA成長投資枠,2026-07-14,14,5559,77826,2026-09-29,13:05:02,4818,67452,-10374,-13.32973556395035,3.757872286159869,3,42,0.06231824,OK,2026-09-29 13:20:03,2026-09-29 13:20:03,PASS,監視（下落確認）,取得後損失が8%以上のため、50%売却条件への接近と対TOPIX差を確認します。,50.367196318678445,35,7504.650000000001,30,3891.2999999999997,35,3613.35,15.695538057742786,,NO,20営業日確認期限到来・対TOPIX再計算待ち,本日以降,Yahoo Finance JP full-market screener (delayed)
5333.T,NGK,電力・素材,NISA成長投資枠,2026-07-14,5,6617,33085,2026-09-29,13:04:53,5283,26415,-6670,-20.160193441136467,1.4716271784218842,-60,-300,-1.1231748,OK,2026-09-29 13:20:03,2026-09-29 13:20:03,STOP,監視（下落確認）,取得後損失が8%以上のため、50%売却条件への接近と対TOPIX差を確認します。,48.831823802829774,35,8932.95,30,4631.9,35,4301.05,21.837549933422107,,NO,20営業日確認期限到来・対TOPIX再計算待ち,本日以降,Yahoo Finance JP full-market screener (delayed)
5803.T,フジクラ,電線,NISA成長投資枠,2026-07-14,8,4800,38400,2026-09-29,13:05:03,4900,39200,800,2.083333333333333,2.1839025324299777,-38,-304,-0.76954234,OK,2026-09-29 13:20:03,2026-09-29 13:20:03,STOP,正常,売却・利確の数値条件には到達していません。,111.4982718109677,35,6480,30,3360,35,3120,22.45608482354803,,NO,20営業日確認期限到来・対TOPIX再計算待ち,本日以降,Yahoo Finance JP full-market screener (delayed)
6146.T,ディスコ,半導体,NISA成長投資枠,2026-07-14,1,71650,71650,2026-09-29,13:05:05,56200,56200,-15450,-21.56315422191207,3.1310031204735904,1970,1970,3.6326756,OK,2026-09-29 13:20:03,2026-09-29 13:20:03,STOP,監視（下落確認）,取得後損失が8%以上のため、50%売却条件への接近と対TOPIX差を確認します。,72.48955528691567,35,96727.5,30,50155,35,46572.5,23.589394969408563,,NO,20営業日確認期限到来・対TOPIX再計算待ち,本日以降,Yahoo Finance JP full-market screener (delayed)
6383.T,ダイフク,機械,NISA成長投資枠,2026-07-14,6,6602,39612,2026-09-29,13:04:49,5497,32982,-6630,-16.73735231747955,1.8374865644032023,-13,-78,-0.23593466,OK,2026-09-29 13:20:03,2026-09-29 13:20:03,STOP,監視（下落確認）,取得後損失が8%以上のため、50%売却条件への接近と対TOPIX差を確認します。,41.67979724942804,35,8912.7,30,4621.4,35,4291.3,18.851490994980814,,NO,20営業日確認期限到来・対TOPIX再計算待ち,本日以降,Yahoo Finance JP full-market screener (delayed)
6501.T,日立製作所,総合電機,NISA成長投資枠,2026-07-14,15,4802,72030,2026-09-29,13:05:02,5455,81825,9795,13.598500624739692,4.558617977451095,-35,-525,-0.63752276,OK,2026-09-29 13:20:03,2026-09-29 13:20:03,STOP,正常,売却・利確の数値条件には到達していません。,38.295620249638475,35,6482.700000000001,30,3361.3999999999996,35,3121.3,6.045470203238034,,NO,20営業日確認期限到来・対TOPIX再計算待ち,本日以降,Yahoo Finance JP full-market screener (delayed)
6503.T,三菱電機,総合電機,NISA成長投資枠,2026-07-14,14,5592,78288,2026-09-29,13:05:05,5133,71862,-6426,-8.208154506437767,4.003561321058242,-50,-700,-0.96469223,OK,2026-09-29 13:20:03,2026-09-29 13:20:03,STOP,監視（下落確認）,取得後損失が8%以上のため、50%売却条件への接近と対TOPIX差を確認します。,43.48034815326447,35,7549.200000000001,30,3914.3999999999996,35,3634.8,17.766741429029153,,NO,20営業日確認期限到来・対TOPIX再計算待ち,本日以降,Yahoo Finance JP full-market screener (delayed)
6504.T,富士電機,電機,NISA成長投資枠,2026-07-14,6,12760,76560,2026-09-29,13:04:47,13570,81420,4860,6.347962382445141,4.5360546987359385,-30,-180,-0.22058824,OK,2026-09-29 13:20:03,2026-09-29 13:20:03,PASS,正常,売却・利確の数値条件には到達していません。,57.55281226013499,35,17226,30,8932,35,8294,9.983416252072963,,NO,20営業日確認期限到来・対TOPIX再計算待ち,本日以降,Yahoo Finance JP full-market screener (delayed)
6762.T,TDK,電子部品,NISA成長投資枠,2026-07-14,23,3234,74382,2026-09-29,13:05:05,2898,66654,-7728,-10.38961038961039,3.713414270321116,-37,-851,-1.2606474,OK,2026-09-29 13:20:03,2026-09-29 13:20:03,PASS,監視（下落確認）,取得後損失が8%以上のため、50%売却条件への接近と対TOPIX差を確認します。,70.19220602154634,35,4365.900000000001,30,2263.7999999999997,35,2102.1,11.267605633802813,,NO,20営業日確認期限到来・対TOPIX再計算待ち,本日以降,Yahoo Finance JP full-market screener (delayed)
6861.T,キーエンス,FA,NISA成長投資枠,2026-07-14,2,75390,150780,2026-09-29,13:05:02,79120,158240,7460,4.9476057832603795,8.815835120707135,620,1240,0.78990954,OK,2026-09-29 13:20:03,2026-09-29 13:20:03,PASS,正常,売却・利確の数値条件には到達していません。,52.29053348837691,35,101776.5,30,52773,35,49003.5,9.742185717545059,,NO,20営業日確認期限到来・対TOPIX再計算待ち,本日以降,Yahoo Finance JP full-market screener (delayed)
7012.T,川崎重工業,重工,NISA成長投資枠,2026-07-14,25,2690,67250,2026-09-29,13:05:03,2344,58600,-8650,-12.862453531598513,3.26471143878563,-36,-900,-1.5126051,OK,2026-09-29 13:20:03,2026-09-29 13:20:03,STOP,監視（下落確認）,取得後損失が8%以上のため、50%売却条件への接近と対TOPIX差を確認します。,59.55999119905936,35,3631.5000000000005,30,1882.9999999999998,35,1748.5,20.068201193520885,,NO,20営業日確認期限到来・対TOPIX再計算待ち,本日以降,Yahoo Finance JP full-market screener (delayed)
7203.T,トヨタ自動車,自動車,NISA成長投資枠,2026-07-14,23,2839,65297,2026-09-29,13:05:03,2892.5,66527.5,1230.5,1.8844663613948573,3.706366727710085,-44,-1012,-1.4983824,OK,2026-09-29 13:20:03,2026-09-29 13:20:03,STOP,正常,売却・利確の数値条件には到達していません。,29.179009296311918,28.47579730083673,3647.427885370755,24.660763855540957,2138.880914141192,29.660763855540957,1996.9309141411925,11.327406499080316,,NO,20営業日確認期限到来・対TOPIX再計算待ち,本日以降,Yahoo Finance JP full-market screener (delayed)
7269.T,スズキ,自動車,NISA成長投資枠,2026-07-14,20,2017,40340,2026-09-29,13:05:02,1938,38760,-1580,-3.9167079821517103,2.159389340739437,-20.5,-410,-1.0467194,OK,2026-09-29 13:20:03,2026-09-29 13:20:03,STOP,正常,売却・利確の数値条件には到達していません。,35.746056642161584,34.88457928470789,2720.6219641725584,30,1411.8999999999999,35,1311.05,15.111695137976344,,NO,20営業日確認期限到来・対TOPIX再計算待ち,本日以降,Yahoo Finance JP full-market screener (delayed)
7532.T,パン・パシフィックHD,小売,NISA成長投資枠,2026-07-14,70,874,61180,2026-09-29,13:05:02,711.5,49805,-11375,-18.59267734553776,2.774726163971302,-7.299988,-510.99916,-1.0155798,OK,2026-09-29 13:20:03,2026-09-29 13:20:03,PASS,監視（下落確認）,取得後損失が8%以上のため、50%売却条件への接近と対TOPIX差を確認します。,30.821852261533454,30.079047870439414,1136.8908783876404,26.049219577448753,646.3298208930979,31.04921957744875,602.6298208930979,26.2388554841385,,NO,20営業日確認期限到来・対TOPIX再計算待ち,本日以降,Yahoo Finance JP full-market screener (delayed)
7832.T,バンダイナムコHD,ゲーム,NISA成長投資枠,2026-07-14,16,4143,66288,2026-09-29,13:05:02,5599,89584,23296,35.143615737388366,4.99088582819406,69,1104,1.2477396,OK,2026-09-29 13:20:03,2026-09-29 13:20:03,PASS,監視（利確準備）,利益監視ラインへ到達しました。高値からの下落と対TOPIX条件がそろえば25%利確候補です。,28.9196963163411,28.222733744766703,5312.267859045684,24.441604387212283,3130.3843302377954,29.441604387212283,2923.234330237795,4.093867762932513,,NO,20営業日確認期限到来・対TOPIX再計算待ち,本日以降,Yahoo Finance JP full-market screener (delayed)
8035.T,東京エレクトロン,半導体,NISA成長投資枠,2026-07-14,1,71130,71130,2026-09-29,13:05:02,11385,11385,-59745,-83.99409531843104,0.6342788349927372,200,200,1.7881091,OK,2026-09-29 13:20:03,2026-09-29 13:20:03,STOP,全売却候補,取得後損益が、指数条件を待たずに全売却候補とする価格水準へ到達しました。,67.91817478194066,35,96025.5,30,49791,35,46234.5,84.66460129310344,,NO,20営業日確認期限到来・対TOPIX再計算待ち,本日以降,Yahoo Finance JP full-market screener (delayed)
8306.T,三菱UFJ FG,銀行,NISA成長投資枠,2026-07-14,18,3600,64800,2026-09-29,13:05:02,3613,65034,234,0.3611111111111111,3.6231611554604894,-60,-1080,-1.6335421,OK,2026-09-29 13:20:03,2026-09-29 13:20:03,PASS,正常,売却・利確の数値条件には到達していません。,25.607515573011618,24.99037631573274,4499.653547366378,21.642300739557516,2820.8771733759295,26.642300739557516,2640.8771733759295,4.5946659625032975,,NO,20営業日確認期限到来・対TOPIX再計算待ち,本日以降,Yahoo Finance JP full-market screener (delayed)
8316.T,三井住友FG,銀行,NISA成長投資枠,2026-07-14,13,6967,90571,2026-09-29,13:05:03,3368,43784,-46787,-51.657815415530365,2.439285420405973,-82,-1066,-2.3768115,OK,2026-09-29 13:20:03,2026-09-29 13:20:03,PASS,全売却候補,取得後損益が、指数条件を待たずに全売却候補とする価格水準へ到達しました。,29.178984415809605,28.47577301995271,8950.907106300105,24.660742827678565,5248.886047195635,29.660742827678565,4900.536047195635,53.1506468215329,,NO,20営業日確認期限到来・対TOPIX再計算待ち,本日以降,Yahoo Finance JP full-market screener (delayed)
8411.T,みずほFG,銀行,NISA成長投資枠,2026-07-14,10,8480,84800,2026-09-29,13:05:04,8517,85170,370,0.4363207547169811,4.744973946098501,-207,-2070,-2.3727648,OK,2026-09-29 13:20:03,2026-09-29 13:20:03,STOP,正常,売却・利確の数値条件には到達していません。,35.97927852807231,35,11448,30,5936,35,5512,3.91471119133574,,NO,20営業日確認期限到来・対TOPIX再計算待ち,本日以降,Yahoo Finance JP full-market screener (delayed)
8591.T,オリックス,金融・リース,NISA成長投資枠,2026-07-14,13,6430,83590,2026-09-29,13:04:55,5870,76310,-7280,-8.709175738724728,4.251367404329888,-154,-2002,-2.5560167,OK,2026-09-29 13:20:03,2026-09-29 13:20:03,PASS,監視（下落確認）,取得後損失が8%以上のため、50%売却条件への接近と対TOPIX差を確認します。,36.10316898285153,35,8680.5,30,4501,35,4179.5,11.556426096127769,,NO,20営業日確認期限到来・対TOPIX再計算待ち,本日以降,Yahoo Finance JP full-market screener (delayed)
8630.T,SOMPO HD,保険,NISA成長投資枠,2026-07-14,12,6584,79008,2026-09-29,13:05:03,6661,79932,924,1.169501822600243,4.453155541382474,-148,-1776,-2.1735938,OK,2026-09-29 13:20:03,2026-09-29 13:20:03,STOP,正常,売却・利確の数値条件には到達していません。,36.46314171032929,35,8888.400000000001,30,4608.799999999999,35,4279.6,9.509577503056654,,NO,20営業日確認期限到来・対TOPIX再計算待ち,本日以降,Yahoo Finance JP full-market screener (delayed)
8750.T,第一生命HD,保険,NISA成長投資枠,2026-07-14,10,1856,18560,2026-09-29,13:04:50,1888.5,18885,325,1.7510775862068964,1.0521173297178605,-19,-190,-0.9960682,OK,2026-09-29 13:20:03,2026-09-29 13:20:03,STOP,正常,売却・利確の数値条件には到達していません。,27.23539213496709,26.57902117129629,2349.306632939259,23.018107542067014,1428.7839240192363,28.01810754206701,1335.9839240192362,2.954779033915722,,NO,20営業日確認期限到来・対TOPIX再計算待ち,本日以降,Yahoo Finance JP full-market screener (delayed)
8766.T,東京海上HD,保険,NISA成長投資枠,2026-07-14,12,7720,92640,2026-09-29,13:05:05,524.2,6290.400000000001,-86349.6,-93.20984455958549,0.3504495022958555,-6,-72,-1.1316484,OK,2026-09-29 13:20:03,2026-09-29 13:20:03,PASS,全売却候補,取得後損益が、指数条件を待たずに全売却候補とする価格水準へ到達しました。,32.43352127248693,31.651875775797794,10163.52480989159,27.41132849927017,5603.845439856343,32.41132849927017,5217.845439856343,93.75431907541999,,NO,20営業日確認期限到来・対TOPIX再計算待ち,本日以降,Yahoo Finance JP full-market screener (delayed)
8795.T,T&D HD,保険,NISA成長投資枠,2026-07-14,14,4952,69328,2026-09-29,13:05:02,4862,68068,-1260,-1.817447495961228,3.7921907545266254,-74,-1036,-1.498886,OK,2026-09-29 13:20:03,2026-09-29 13:20:03,PASS,正常,売却・利確の数値条件には到達していません。,34.06988097394114,33.248799327817,6598.480542713497,28.79430486322049,3526.1060231733213,33.79430486322049,3278.506023173322,5.573897844241604,,NO,20営業日確認期限到来・対TOPIX再計算待ち,本日以降,Yahoo Finance JP full-market screener (delayed)
9432.T,NTT,通信,NISA成長投資枠,2026-07-14,500,152,76000,2026-09-29,13:04:58,170.7,85350,9350,12.302631578947368,4.755002069971903,-1.300003,-650.0015,-0.75581574,OK,2026-09-29 13:20:03,2026-09-29 13:20:03,STOP,正常,売却・利確の数値条件には到達していません。,14.889271946105628,20,182.4,18,124.64000000000001,25,114,5.166666666666675,,NO,20営業日確認期限到来・対TOPIX再計算待ち,本日以降,Yahoo Finance JP full-market screener (delayed)
9433.T,KDDI,通信,NISA成長投資枠,2026-07-14,23,2835,65205,2026-09-29,13:05:05,2925,67275,2070,3.1746031746031744,3.7480112976843563,-14.5,-333.5,-0.49336508,OK,2026-09-29 13:20:03,2026-09-29 13:20:03,PASS,正常,売却・利確の数値条件には到達していません。,24.636286662931823,24.042553951536146,3516.6064045260496,20.821462493888237,2244.711538298269,25.821462493888237,2102.9615382982684,6.159769008662175,,NO,20営業日確認期限到来・対TOPIX再計算待ち,本日以降,Yahoo Finance JP full-market screener (delayed)
9697.T,カプコン,ゲーム,NISA成長投資枠,2026-07-14,7,3314,23198,2026-09-29,13:05:02,4381,30667,7469,32.19674109837055,1.7085137490313806,19,133,0.43548018,OK,2026-09-29 13:20:03,2026-09-29 13:20:03,STOP,正常,売却・利確の数値条件には到達していません。,42.018985969277615,35,4473.900000000001,30,2319.7999999999997,35,2154.1,2.275262101271469,,NO,20営業日確認期限到来・対TOPIX再計算待ち,本日以降,Yahoo Finance JP full-market screener (delayed)
9983.T,ファーストリテイリング,小売,NISA成長投資枠,2026-07-14,2,79790,159580,2026-09-29,13:04:27,67660,135320,-24260,-15.202406316581024,7.538920680827157,-190,-380,-0.28002948,OK,2026-09-29 13:20:03,2026-09-29 13:20:03,PASS,監視（下落確認）,取得後損失が8%以上のため、50%売却条件への接近と対TOPIX差を確認します。,31.185989104638683,30.434409042189053,104073.61497476265,26.356971379702543,58759.772536135344,31.356971379702543,54770.27253613534,16.324511501360373,,NO,20営業日確認期限到来・対TOPIX再計算待ち,本日以降,Yahoo Finance JP full-market screener (delayed)
